Series Name,Country Name,Country Code Letters,Country Code,1990,2000,2008,2009,2010,2011,2012,2013,2014,2015,2016,2017
"Share of youth not in education, employment or training, total (% of youth population)",Afghanistan,AFG,4,..,..,..,..,..,..,..,..,..,..,..,..
"Share of youth not in education, employment or training, total (% of youth population)",Albania,ALB,8,..,..,28.11759949,30.73380089,29.50189972,30.01099968,27.65439987,30.97750092,34.5,32.79999924,..,..
"Share of youth not in education, employment or training, total (% of youth population)",Algeria,DZA,12,..,..,..,25.45000076,24.53000069,26,22.70000076,21.5,22.79999924,21.20000076,..,..
"Share of youth not in education, employment or training, total (% of youth population)",American Samoa,ASM,16,..,..,..,..,..,..,..,..,..,..,..,..
"Share of youth not in education, employment or training, total (% of youth population)",Andorra,AND,20,..,..,..,..,..,..,..,..,..,..,..,..
"Share of youth not in education, employment or training, total (% of youth population)",Angola,AGO,24,..,..,..,..,..,10.00889969,..,..,..,..,..,..
"Share of youth not in education, employment or training, total (% of youth population)",Antigua and Barbuda,ATG,28,..,..,..,..,..,..,..,..,..,..,..,..
"Share of youth not in education, employment or training, total (% of youth population)",Argentina,ARG,32,..,..,19.42140007,20.03590012,19.45919991,18.4048996,18.40609932,19.07010078,19.67490005,..,..,19.24570084
"Share of youth not in education, employment or training, total (% of youth population)",Armenia,ARM,51,..,..,..,..,..,44.59999847,39.99000168,44.36999893,38.03179932,35.56000137,36.58349991,..
"Share of youth not in education, employment or training, total (% of youth population)",Aruba,ABW,533,..,..,..,..,16.55999947,..,..,..,..,..,..,..
"Share of youth not in education, employment or training, total (% of youth population)",Australia,AUS,36,..,..,..,11.39999962,11.31999969,10.57999992,9.899999619,11,10.06000042,9.770000458,8.680000305,..
"Share of youth not in education, employment or training, total (% of youth population)",Austria,AUT,40,..,..,7.380000114,8.18999958,7.420000076,7.28000021,6.800000191,7.329999924,7.699999809,7.519999981,7.699999809,6.539999962
"Share of youth not in education, employment or training, total (% of youth population)",Azerbaijan,AZE,31,..,..,..,..,..,..,..,..,..,..,..,..
"Share of youth not in education, employment or training, total (% of youth population)","Bahamas, The",BHS,44,..,..,..,..,..,..,..,..,..,..,..,..
"Share of youth not in education, employment or training, total (% of youth population)",Bahrain,BHR,48,..,..,..,..,..,..,..,..,..,..,..,..
"Share of youth not in education, employment or training, total (% of youth population)",Bangladesh,BGD,50,..,..,..,..,30.05960083,..,..,20.20800018,..,..,28.87999916,27.38629913
"Share of youth not in education, employment or training, total (% of youth population)",Barbados,BRB,52,..,..,..,..,..,..,..,..,..,..,..,..
"Share of youth not in education, employment or training, total (% of youth population)",Belarus,BLR,112,..,..,..,12.07999992,..,..,..,..,..,..,..,..
"Share of youth not in education, employment or training, total (% of youth population)",Belgium,BEL,56,..,..,10.14000034,11.07999992,10.85999966,11.81000042,12.34000015,12.68000031,12.05000019,12.18000031,9.890000343,9.319999695
"Share of youth not in education, employment or training, total (% of youth population)",Belize,BLZ,84,..,..,..,..,..,..,11.95394421,..,..,8.420000076,22.39999962,..
"Share of youth not in education, employment or training, total (% of youth population)",Benin,BEN,204,..,..,..,..,3.50999999,17.23430061,20,..,..,..,..,..
"Share of youth not in education, employment or training, total (% of youth population)",Bermuda,BMU,60,..,..,..,..,6.789999962,..,..,..,..,..,..,..
"Share of youth not in education, employment or training, total (% of youth population)",Bhutan,BTN,64,..,..,..,..,..,..,..,..,..,..,..,..
"Share of youth not in education, employment or training, total (% of youth population)",Bolivia,BOL,68,..,..,9.685099602,9.178600311,..,10.85359955,10.41359997,10.45030022,11.15750027,14.54959965,10.87959957,11.63539982
"Share of youth not in education, employment or training, total (% of youth population)",Bosnia and Herzegovina,BIH,70,..,..,..,..,..,..,..,..,26.06999969,27.67000008,26.44000053,24.28000069
"Share of youth not in education, employment or training, total (% of youth population)",Botswana,BWA,72,..,..,..,35.46530151,..,..,..,..,..,..,..,..
"Share of youth not in education, employment or training, total (% of youth population)",Brazil,BRA,76,..,..,18.34749985,18.80820084,..,19.42770004,19.26269913,20.01160049,19.7147007,22.22060013,23.24069977,24.33279991
"Share of youth not in education, employment or training, total (% of youth population)",British Virgin Islands,VGB,92,..,..,..,..,..,..,..,..,..,..,..,..
"Share of youth not in education, employment or training, total (% of youth population)",Brunei Darussalam,BRN,96,..,..,..,..,..,..,..,..,17.19630051,..,..,19.96619987
"Share of youth not in education, employment or training, total (% of youth population)",Bulgaria,BGR,100,..,..,17.39999962,19.45000076,21.03000069,21.80999947,21.53000069,21.60000038,20.23999977,19.28000069,18.20000076,15.31000042
"Share of youth not in education, employment or training, total (% of youth population)",Burkina Faso,BFA,854,..,..,..,..,..,..,..,..,..,..,..,..
"Share of youth not in education, employment or training, total (% of youth population)",Burundi,BDI,108,..,..,..,..,..,..,..,..,6.190000057,..,..,6.190000057
"Share of youth not in education, employment or training, total (% of youth population)",Cabo Verde,CPV,132,..,..,..,..,..,..,..,..,..,..,..,..
"Share of youth not in education, employment or training, total (% of youth population)",Cambodia,KHM,116,..,..,79.16999817,7.130000114,..,..,12.71759987,..,..,..,..,..
"Share of youth not in education, employment or training, total (% of youth population)",Cameroon,CMR,120,..,..,..,..,10.78999996,..,..,..,17.01490021,..,..,..
"Share of youth not in education, employment or training, total (% of youth population)",Canada,CAN,124,15.17319965,13.89949989,12.74400043,14.35760021,14.10239983,13.61839962,13.78859997,13.47700024,13.8980999,13.8185997,13.49520016,12.58160019
"Share of youth not in education, employment or training, total (% of youth population)",Cayman Islands,CYM,136,..,..,..,..,..,..,..,..,..,..,..,..
"Share of youth not in education, employment or training, total (% of youth population)",Central African Republic,CAF,140,..,..,..,..,..,..,..,..,..,..,..,..
"Share of youth not in education, employment or training, total (% of youth population)",Chad,TCD,148,..,..,..,..,..,..,..,..,..,..,..,..
"Share of youth not in education, employment or training, total (% of youth population)",Channel Islands,CHI,826,..,..,..,..,..,..,..,..,..,..,..,..
"Share of youth not in education, employment or training, total (% of youth population)",Chile,CHL,152,28.13509941,24.02939987,..,23.20179939,11.72999954,11.72999954,11.73999977,11.75,12.25,17.81920052,..,..
"Share of youth not in education, employment or training, total (% of youth population)",China,CHN,156,..,..,..,..,..,..,..,..,..,..,..,..
"Share of youth not in education, employment or training, total (% of youth population)",Colombia,COL,170,..,..,..,25.03000069,23.56439972,23.3885994,22.47730064,22.09230042,21.38990021,20.94490051,20.98489952,21.77779961
"Share of youth not in education, employment or training, total (% of youth population)",Comoros,COM,174,..,..,..,..,..,..,..,..,..,..,..,..
"Share of youth not in education, employment or training, total (% of youth population)","Congo, Dem. Rep.",COD,180,..,..,..,..,..,..,21.35950089,..,..,..,..,..
"Share of youth not in education, employment or training, total (% of youth population)","Congo, Rep.",COG,178,..,..,..,..,..,..,..,..,..,..,..,..
"Share of youth not in education, employment or training, total (% of youth population)",Costa Rica,CRI,188,..,..,..,..,19.08749962,21.37779999,17.26029968,17.81539917,16.94910049,18.35790062,16.30920029,15.83850002
"Share of youth not in education, employment or training, total (% of youth population)",Cote d'Ivoire,CIV,384,..,..,..,..,..,..,12.67150021,10.18120003,..,..,36.00370026,..
"Share of youth not in education, employment or training, total (% of youth population)",Croatia,HRV,191,..,..,11.61999989,13.43000031,15.67000008,16.21999931,16.59000015,19.62999916,19.32999992,18.12000084,16.89999962,15.35000038
"Share of youth not in education, employment or training, total (% of youth population)",Cuba,CUB,192,..,..,..,..,..,..,..,..,..,..,..,..
"Share of youth not in education, employment or training, total (% of youth population)",Curacao,CUW,,..,..,..,..,..,..,..,..,..,..,..,..
"Share of youth not in education, employment or training, total (% of youth population)",Cyprus,CYP,196,..,..,9.649999619,9.899999619,11.68000031,14.64000034,15.97999954,18.67000008,17.01000023,15.30000019,16.02000046,16.09000015
"Share of youth not in education, employment or training, total (% of youth population)",Czech Republic,CZE,203,..,..,6.699999809,8.510000229,8.829999924,8.279999733,8.890000343,9.130000114,8.109999657,7.46999979,7,6.289999962
"Share of youth not in education, employment or training, total (% of youth population)",Denmark,DNK,208,..,..,4.300000191,5.400000095,6.039999962,6.25,6.630000114,6.03000021,5.78000021,6.199999809,5.809999943,6.960000038
"Share of youth not in education, employment or training, total (% of youth population)",Djibouti,DJI,262,..,..,..,..,..,..,..,..,..,..,..,..
"Share of youth not in education, employment or training, total (% of youth population)",Dominica,DMA,212,..,..,..,..,..,..,..,..,..,..,..,..
"Share of youth not in education, employment or training, total (% of youth population)",Dominican Republic,DOM,214,..,19.67650032,19.07229996,21.47120094,20.8253994,19.92779922,20.17320061,20.81870079,19.46529961,20.47019958,19.4633007,24.33550072
"Share of youth not in education, employment or training, total (% of youth population)",Ecuador,ECU,218,..,20.07060051,16.14450073,16.49839973,15.66030025,16.43280029,16.55360031,17.3572998,20.23430061,19.81139946,18.44009972,17.55960083
"Share of youth not in education, employment or training, total (% of youth population)","Egypt, Arab Rep.",EGY,818,..,..,29.66390038,29.89500046,33.08430099,32.09930038,31.55260086,28.39599991,..,27.6053009,27.57139969,..
"Share of youth not in education, employment or training, total (% of youth population)",El Salvador,SLV,222,..,..,..,28.93000031,27.21419907,25.91040039,26.02499962,25.35180092,28.50419998,28.54120064,28.22450066,28.39780045
"Share of youth not in education, employment or training, total (% of youth population)",Equatorial Guinea,GNQ,226,..,..,..,..,..,..,..,..,..,..,..,..
"Share of youth not in education, employment or training, total (% of youth population)",Eritrea,ERI,232,..,..,..,..,..,..,..,..,..,..,..,..
"Share of youth not in education, employment or training, total (% of youth population)",Estonia,EST,233,..,..,9.090000153,14.47000027,14.02999973,11.56999969,12.19999981,11.31999969,11.65999985,10.84000015,9.140000343,9.430000305
"Share of youth not in education, employment or training, total (% of youth population)",Eswatini,SWZ,748,..,..,..,..,..,..,..,..,..,..,35.46179962,..
"Share of youth not in education, employment or training, total (% of youth population)",Ethiopia,ETH,231,..,..,..,..,..,..,..,10.48149967,..,..,..,..
"Share of youth not in education, employment or training, total (% of youth population)",Faroe Islands,FRO,234,..,..,..,..,..,..,..,..,..,..,..,..
"Share of youth not in education, employment or training, total (% of youth population)",Fiji,FJI,242,..,..,..,..,..,18.40439987,..,..,19.09000015,..,20.08550072,..
"Share of youth not in education, employment or training, total (% of youth population)",Finland,FIN,246,..,..,7.949999809,9.840000153,9.020000458,8.430000305,8.56000042,9.300000191,10.17000008,10.56000042,9.920000076,9.399999619
"Share of youth not in education, employment or training, total (% of youth population)",France,FRA,250,..,..,10.55000019,12.71000004,12.64999962,12.27999973,12.5,11.22999954,11.18000031,11.89000034,11.81999969,11.46000004
"Share of youth not in education, employment or training, total (% of youth population)",French Polynesia,PYF,258,..,..,..,..,..,..,..,..,..,..,..,..
"Share of youth not in education, employment or training, total (% of youth population)",Gabon,GAB,266,..,..,..,..,..,..,..,..,..,..,..,..
"Share of youth not in education, employment or training, total (% of youth population)","Gambia, The",GMB,270,..,..,..,..,..,..,33.9958992,..,..,..,..,..
"Share of youth not in education, employment or training, total (% of youth population)",Georgia,GEO,268,..,..,..,..,..,..,..,..,..,..,..,..
"Share of youth not in education, employment or training, total (% of youth population)",Germany,DEU,276,..,..,8.430000305,8.800000191,8.300000191,7.489999771,7.099999905,6.25,6.360000134,6.170000076,6.690000057,6.260000229
"Share of youth not in education, employment or training, total (% of youth population)",Ghana,GHA,288,..,..,..,..,..,..,..,11.08269978,..,25.50620079,..,..
"Share of youth not in education, employment or training, total (% of youth population)",Gibraltar,GIB,292,..,..,..,..,..,..,..,..,..,..,..,..
"Share of youth not in education, employment or training, total (% of youth population)",Greece,GRC,300,..,..,11.43999958,12.38000011,14.77999973,17.37999916,20.17000008,20.39999962,19.14999962,17.15999985,15.81000042,15.28999996
"Share of youth not in education, employment or training, total (% of youth population)",Greenland,GRL,304,..,..,..,..,..,..,..,..,..,..,..,..
"Share of youth not in education, employment or training, total (% of youth population)",Grenada,GRD,308,..,..,..,..,..,..,..,..,..,..,..,..
"Share of youth not in education, employment or training, total (% of youth population)",Guam,GUM,316,..,..,..,..,..,..,..,..,..,..,..,..
"Share of youth not in education, employment or training, total (% of youth population)",Guatemala,GTM,320,..,..,..,..,24.43770027,24.74990082,22.45660019,26.94079971,26.40979958,26.4477005,27.33729935,..
"Share of youth not in education, employment or training, total (% of youth population)",Guinea,GIN,324,..,..,..,..,..,..,..,..,..,..,..,..
"Share of youth not in education, employment or training, total (% of youth population)",Guinea-Bissau,GNB,624,..,..,..,..,..,..,..,..,..,..,..,..
"Share of youth not in education, employment or training, total (% of youth population)",Guyana,GUY,328,..,..,..,..,..,..,..,..,..,..,..,..
"Share of youth not in education, employment or training, total (% of youth population)",Haiti,HTI,332,..,..,..,..,..,..,..,..,..,..,..,..
"Share of youth not in education, employment or training, total (% of youth population)",Honduras,HND,340,..,..,25.81559944,26.5265007,26.20610046,27.53879929,28.66799927,26.81019974,28.67449951,26.95739937,27.81649971,..
"Share of youth not in education, employment or training, total (% of youth population)","Hong Kong SAR, China",HKG,344,..,..,..,7.409999847,6.949999809,6.159999847,6.139999866,6.670000076,6.619999886,6.610000134,6.099999905,..
"Share of youth not in education, employment or training, total (% of youth population)",Hungary,HUN,348,..,..,11.46000004,13.60000038,12.56000042,13.21000004,14.77999973,15.47000027,13.61999989,11.57999992,11.05000019,11.03999996
"Share of youth not in education, employment or training, total (% of youth population)",Iceland,ISL,352,..,..,4.320000172,7.329999924,7.349999905,6.690000057,5.889999866,5.46999979,5.71999979,4.550000191,4.119999886,3.869999886
"Share of youth not in education, employment or training, total (% of youth population)",India,IND,356,..,32.23500061,..,..,27.86420059,..,27.50289917,..,..,..,..,..
"Share of youth not in education, employment or training, total (% of youth population)",Indonesia,IDN,360,..,29.37549973,28.15010071,27.66580009,26.64889908,25.89660072,22.94939995,22.88820076,22.35420036,22.91889954,22.47920036,21.44869995
"Share of youth not in education, employment or training, total (% of youth population)","Iran, Islamic Rep.",IRN,364,..,..,..,34.72999954,34.34999847,..,..,..,..,..,..,..
"Share of youth not in education, employment or training, total (% of youth population)",Iraq,IRQ,368,..,..,..,..,..,..,40.64490128,..,..,..,..,..
"Share of youth not in education, employment or training, total (% of youth population)",Ireland,IRL,372,..,..,12.53999996,18.30999947,19.42000008,19.19000053,19.21999931,16.39999962,15.31999969,14.27999973,12.52999973,10.93000031
"Share of youth not in education, employment or training, total (% of youth population)",Isle of Man,IMN,833,..,..,..,..,..,..,..,..,..,..,..,..
"Share of youth not in education, employment or training, total (% of youth population)",Israel,ISR,376,..,..,..,30.98999977,30.37000084,31.57999992,16.67000008,15.69999981,15.61999989,15.47999954,14.92000008,14.85000038
"Share of youth not in education, employment or training, total (% of youth population)",Italy,ITA,380,..,..,16.55999947,17.54999924,18.96999931,19.63999939,20.94000053,22.13999939,22.04000092,21.32999992,19.79999924,19.98999977
"Share of youth not in education, employment or training, total (% of youth population)",Jamaica,JAM,388,..,..,..,..,..,..,..,..,..,..,..,..
"Share of youth not in education, employment or training, total (% of youth population)",Japan,JPN,392,..,..,..,4.360000134,4.289999962,..,4.210000038,3.910000086,3.690000057,3.609999895,3.519999981,3.269999981
"Share of youth not in education, employment or training, total (% of youth population)",Jordan,JOR,400,..,..,..,..,..,..,..,..,..,..,..,..
"Share of youth not in education, employment or training, total (% of youth population)",Kazakhstan,KAZ,398,..,..,9.710102081,9.546043396,8.197912216,7.800161839,8.026202202,8.021430969,8.763381958,8.464095116,9.491210938,..
"Share of youth not in education, employment or training, total (% of youth population)",Kenya,KEN,404,..,..,..,..,..,..,..,..,..,..,..,..
"Share of youth not in education, employment or training, total (% of youth population)",Kiribati,KIR,296,..,..,..,..,..,..,..,..,..,..,..,..
"Share of youth not in education, employment or training, total (% of youth population)","Korea, Dem. People’s Rep.",PRK,408,..,..,..,..,..,..,..,..,..,..,..,..
"Share of youth not in education, employment or training, total (% of youth population)","Korea, Rep.",KOR,410,..,..,..,..,..,..,..,..,..,..,..,..
"Share of youth not in education, employment or training, total (% of youth population)",Kosovo,XKX,,..,..,..,..,..,..,..,..,30.18000031,31.43000031,30.10000038,..
"Share of youth not in education, employment or training, total (% of youth population)",Kuwait,KWT,414,..,..,..,..,..,..,..,..,..,..,..,..
"Share of youth not in education, employment or training, total (% of youth population)",Kyrgyz Republic,KGZ,417,..,..,..,17.79999924,18.45999908,60.54000092,62.45999908,21.22999954,20.71999931,21.42000008,20.39999962,..
"Share of youth not in education, employment or training, total (% of youth population)",Lao PDR,LAO,418,..,..,..,..,5.123000145,..,..,..,..,..,..,42.07519913
"Share of youth not in education, employment or training, total (% of youth population)",Latvia,LVA,428,..,..,11.81999969,17.48999977,17.80999947,16.03000069,14.89000034,13.02999973,12.01000023,10.52000046,11.21000004,10.26000023
"Share of youth not in education, employment or training, total (% of youth population)",Lebanon,LBN,422,..,..,..,..,..,..,..,..,..,..,..,..
"Share of youth not in education, employment or training, total (% of youth population)",Lesotho,LSO,426,..,..,..,..,..,..,..,..,..,..,..,..
"Share of youth not in education, employment or training, total (% of youth population)",Liberia,LBR,430,..,..,..,..,24.28479958,..,..,..,..,..,..,..
"Share of youth not in education, employment or training, total (% of youth population)",Libya,LBY,434,..,..,..,..,..,..,..,..,..,..,..,..
"Share of youth not in education, employment or training, total (% of youth population)",Liechtenstein,LIE,438,..,..,..,..,..,..,..,..,..,..,..,..
"Share of youth not in education, employment or training, total (% of youth population)",Lithuania,LTU,440,..,..,8.850000381,12.11999989,13.17000008,11.81999969,11.17000008,11.14000034,9.909999847,9.199999809,9.409999847,9.149999619
"Share of youth not in education, employment or training, total (% of youth population)",Luxembourg,LUX,442,..,..,6.210000038,5.789999962,5.119999886,4.739999771,5.889999866,4.989999771,6.260000229,6.170000076,5.369999886,5.909999847
"Share of youth not in education, employment or training, total (% of youth population)","Macao SAR, China",MAC,446,..,..,..,7.190000057,6.190000057,6.300000191,5.760000229,5.269999981,5,5.309999943,4.960000038,..
"Share of youth not in education, employment or training, total (% of youth population)","Macedonia, FYR",MKD,807,..,..,30.70000076,27.65999985,25.52000046,25.18000031,24.79999924,24.22999954,25.14999962,24.71999931,24.31999969,24.86000061
"Share of youth not in education, employment or training, total (% of youth population)",Madagascar,MDG,450,..,..,..,..,..,..,3.790699959,..,..,..,..,..
"Share of youth not in education, employment or training, total (% of youth population)",Malawi,MWI,454,..,..,..,..,..,..,..,..,..,..,..,..
"Share of youth not in education, employment or training, total (% of youth population)",Malaysia,MYS,458,..,..,..,..,..,14.36999989,13.94999981,13.64999962,12.77000046,..,11.68999958,..
"Share of youth not in education, employment or training, total (% of youth population)",Maldives,MDV,462,..,..,..,..,..,..,..,..,20.5,..,23.49220085,..
"Share of youth not in education, employment or training, total (% of youth population)",Mali,MLI,466,..,..,..,..,13.47000027,..,..,..,21.30850029,24.94490051,..,..
"Share of youth not in education, employment or training, total (% of youth population)",Malta,MLT,470,..,..,8.270000458,9.880000114,9.529999733,10.18000031,10.60999966,9.93999958,10.47000027,10.35000038,8.470000267,9.079999924
"Share of youth not in education, employment or training, total (% of youth population)",Marshall Islands,MHL,584,..,..,..,..,..,..,..,..,..,..,..,..
"Share of youth not in education, employment or training, total (% of youth population)",Mauritania,MRT,478,..,..,..,..,..,..,39.49340057,..,..,..,..,..
"Share of youth not in education, employment or training, total (% of youth population)",Mauritius,MUS,480,..,..,21.33499908,21.8321991,21.52359962,21.54459953,21.60549927,21.17399979,20.8635006,20.08729935,20.31879997,19.93880081
"Share of youth not in education, employment or training, total (% of youth population)",Mexico,MEX,484,..,..,21.91259956,22.14369965,22.17720032,21.81649971,21.14439964,20.46500015,20.2758007,19.74769974,19.5529995,18.7317009
"Share of youth not in education, employment or training, total (% of youth population)","Micronesia, Fed. Sts.",FSM,583,..,..,..,..,..,..,..,..,..,..,..,..
"Share of youth not in education, employment or training, total (% of youth population)",Moldova,MDA,498,..,..,..,..,28.18000031,29.19000053,29.27000046,28.63999939,30.87999916,27.82999992,..,..
"Share of youth not in education, employment or training, total (% of youth population)",Monaco,MCO,492,..,..,..,..,..,..,..,..,..,..,..,..
"Share of youth not in education, employment or training, total (% of youth population)",Mongolia,MNG,496,..,..,17.83779907,18.70439911,17.62859917,16.53930092,17.58580017,18.38999939,17.45240021,16.80629921,20.45409966,19.82159996
"Share of youth not in education, employment or training, total (% of youth population)",Montenegro,MNE,499,..,..,..,..,..,..,..,18.51000023,17.70000076,16.5,..,16.69000053
"Share of youth not in education, employment or training, total (% of youth population)",Morocco,MAR,504,..,..,..,..,..,..,..,..,..,..,..,..
"Share of youth not in education, employment or training, total (% of youth population)",Mozambique,MOZ,508,..,..,..,..,..,..,..,..,..,..,..,..
"Share of youth not in education, employment or training, total (% of youth population)",Myanmar,MMR,104,..,..,..,..,..,..,..,..,..,18.61980057,..,17.39209938
"Share of youth not in education, employment or training, total (% of youth population)",Namibia,NAM,516,..,..,..,..,..,..,31.14999962,32.00709915,30.47130013,..,33.41569901,..
"Share of youth not in education, employment or training, total (% of youth population)",Nauru,NRU,520,..,..,..,..,..,..,..,..,..,..,..,..
"Share of youth not in education, employment or training, total (% of youth population)",Nepal,NPL,524,..,..,23.44269943,..,..,..,..,..,..,..,..,..
"Share of youth not in education, employment or training, total (% of youth population)",Netherlands,NLD,528,..,..,3.440000057,4.110000134,4.28000021,4.309999943,4.849999905,5.650000095,5.53000021,4.670000076,4.570000172,4
"Share of youth not in education, employment or training, total (% of youth population)",New Caledonia,NCL,540,..,..,..,..,..,..,..,..,11.84000015,..,..,..
"Share of youth not in education, employment or training, total (% of youth population)",New Zealand,NZL,554,..,..,11.14999962,14.07999992,13.42000008,13.19999981,13.55000019,11.92000008,11.43000031,11.30000019,11.97999954,11.75
"Share of youth not in education, employment or training, total (% of youth population)",Nicaragua,NIC,558,..,..,..,..,..,..,15.01970005,..,1.419199944,..,..,..
"Share of youth not in education, employment or training, total (% of youth population)",Niger,NER,562,..,..,..,..,..,20.03890038,..,..,..,..,..,..
"Share of youth not in education, employment or training, total (% of youth population)",Nigeria,NGA,566,..,..,..,..,..,..,..,20.42079926,..,..,..,..
"Share of youth not in education, employment or training, total (% of youth population)",Northern Mariana Islands,MNP,580,..,..,..,..,..,..,..,..,..,..,..,..
"Share of youth not in education, employment or training, total (% of youth population)",Norway,NOR,578,..,..,4.130000114,5,4.900000095,5.039999962,5.159999847,5.630000114,5.46999979,5.03000021,5.369999886,4.590000153
"Share of youth not in education, employment or training, total (% of youth population)",Oman,OMN,512,..,..,..,..,..,..,..,..,..,..,..,..
"Share of youth not in education, employment or training, total (% of youth population)",Pakistan,PAK,586,..,..,33.33259964,31.46980095,31.10269928,31.99979973,..,31.0121994,30.90979958,30.40950012,..,..
"Share of youth not in education, employment or training, total (% of youth population)",Palau,PLW,585,..,27.23460007,..,..,..,..,..,..,..,..,..,..
"Share of youth not in education, employment or training, total (% of youth population)",Panama,PAN,591,..,..,..,20.07999992,20.88759995,21.03190041,17.58930016,16.97929955,18.75880051,18.44869995,17.0897007,17.19849968
"Share of youth not in education, employment or training, total (% of youth population)",Papua New Guinea,PNG,598,..,..,..,..,27.68390083,..,..,..,..,..,..,..
"Share of youth not in education, employment or training, total (% of youth population)",Paraguay,PRY,600,..,..,17.5522995,16.99640083,33.11180115,34.70569992,39.1731987,36.0544014,38.84379959,35.48189926,37.70920181,18.06069946
"Share of youth not in education, employment or training, total (% of youth population)",Peru,PER,604,..,..,17.08169937,16.35339928,15.43610001,16.11899948,15.43350029,16.56480026,16.79030037,18.45219994,16.86899948,17.67720032
"Share of youth not in education, employment or training, total (% of youth population)",Philippines,PHL,608,..,..,24.75399971,24.81209946,25.32309914,24.42090034,24.82799911,24.30450058,23.34830093,..,22.19980049,21.69860077
"Share of youth not in education, employment or training, total (% of youth population)",Poland,POL,616,..,..,9.039999962,10.10999966,10.77000046,11.5,11.81999969,12.21000004,11.97999954,10.98999977,10.52000046,9.479999542
"Share of youth not in education, employment or training, total (% of youth population)",Portugal,PRT,620,..,..,10.22999954,11.19999981,11.43999958,12.55000019,13.90999985,14.06999969,12.27999973,11.27000046,10.55000019,9.340000153
"Share of youth not in education, employment or training, total (% of youth population)",Puerto Rico,PRI,630,..,..,..,..,..,..,..,..,..,..,..,..
"Share of youth not in education, employment or training, total (% of youth population)",Qatar,QAT,634,..,..,..,9.399999619,..,..,..,..,..,..,0.01,..
"Share of youth not in education, employment or training, total (% of youth population)",Romania,ROU,642,..,..,11.56999969,13.93999958,16.60000038,17.46999931,16.80999947,16.95999908,17.01000023,18.07999992,17.37999916,15.14999962
"Share of youth not in education, employment or training, total (% of youth population)",Russian Federation,RUS,643,..,..,..,14.07999992,14.21000004,12.68999958,11.98999977,11.81999969,12.02999973,12.02999973,12.40999985,..
"Share of youth not in education, employment or training, total (% of youth population)",Rwanda,RWA,646,..,..,..,..,..,..,..,..,4.646100044,..,..,30.7928009
"Share of youth not in education, employment or training, total (% of youth population)",Samoa,WSM,882,..,..,..,..,..,..,38.89699936,..,..,..,..,..
"Share of youth not in education, employment or training, total (% of youth population)",San Marino,SMR,674,..,..,..,..,..,..,..,..,..,..,..,..
"Share of youth not in education, employment or training, total (% of youth population)",Sao Tome and Principe,STP,678,..,..,..,..,..,..,..,..,..,..,..,..
"Share of youth not in education, employment or training, total (% of youth population)",Saudi Arabia,SAU,682,..,..,..,18.73999977,..,20.56999969,18.79000092,18.42000008,18.31999969,16.10000038,..,..
"Share of youth not in education, employment or training, total (% of youth population)",Senegal,SEN,686,..,..,..,..,..,..,..,..,..,36.23920059,..,..
"Share of youth not in education, employment or training, total (% of youth population)",Serbia,SRB,688,..,..,20.31760025,21.61470032,21.20389938,21.59659958,21.65049934,19.78689957,20.99710083,20.13319969,18.07559967,17.58250046
"Share of youth not in education, employment or training, total (% of youth population)",Seychelles,SYC,690,..,..,..,..,..,..,..,..,..,..,..,..
"Share of youth not in education, employment or training, total (% of youth population)",Sierra Leone,SLE,694,..,..,..,..,..,..,..,..,10.09020042,..,..,..
"Share of youth not in education, employment or training, total (% of youth population)",Singapore,SGP,702,..,..,..,6.809999943,7.570000172,5.980000019,6.369999886,4.929999828,4.440000057,..,3.950000048,..
"Share of youth not in education, employment or training, total (% of youth population)",Sint Maarten (Dutch part),SXM,,..,..,..,..,..,..,..,..,..,..,..,..
"Share of youth not in education, employment or training, total (% of youth population)",Slovak Republic,SVK,703,..,..,11.06000042,12.55000019,14.09000015,13.81000042,13.81000042,13.68999958,12.80000019,13.72000027,12.25,12.10000038
"Share of youth not in education, employment or training, total (% of youth population)",Slovenia,SVN,705,..,..,6.5,7.460000038,7.110000134,7.079999924,9.279999733,9.239999771,9.420000076,9.510000229,8.029999733,6.519999981
"Share of youth not in education, employment or training, total (% of youth population)",Solomon Islands,SLB,90,..,..,..,..,..,..,..,..,..,..,..,..
"Share of youth not in education, employment or training, total (% of youth population)",Somalia,SOM,706,..,..,..,..,..,..,..,..,..,..,..,..
"Share of youth not in education, employment or training, total (% of youth population)",South Africa,ZAF,710,..,31.35400009,..,..,..,..,32.20999908,31.96559906,31.31299973,30.49909973,31.22190094,31.15430069
"Share of youth not in education, employment or training, total (% of youth population)",South Sudan,SSD,,..,..,..,..,..,..,..,..,..,..,..,..
"Share of youth not in education, employment or training, total (% of youth population)",Spain,ESP,724,..,..,14.25,18.09000015,17.80999947,18.25,18.60000038,18.62999916,17.13999939,15.64000034,14.60999966,13.31999969
"Share of youth not in education, employment or training, total (% of youth population)",Sri Lanka,LKA,144,..,..,..,..,22.87999916,..,..,26.43000031,27.67000008,..,..,..
"Share of youth not in education, employment or training, total (% of youth population)",St. Kitts and Nevis,KNA,659,..,..,..,..,..,..,..,..,..,..,..,..
"Share of youth not in education, employment or training, total (% of youth population)",St. Lucia,LCA,662,..,..,..,..,..,..,..,..,..,..,..,..
"Share of youth not in education, employment or training, total (% of youth population)",St. Martin (French part),MAF,,..,..,..,..,..,..,..,..,..,..,..,..
"Share of youth not in education, employment or training, total (% of youth population)",St. Vincent and the Grenadines,VCT,670,..,..,..,..,..,..,..,..,..,..,..,..
"Share of youth not in education, employment or training, total (% of youth population)",Sudan,SDN,736,..,..,..,..,..,..,..,..,..,..,..,..
"Share of youth not in education, employment or training, total (% of youth population)",Suriname,SUR,740,..,..,..,..,..,..,..,..,..,..,..,..
"Share of youth not in education, employment or training, total (% of youth population)",Sweden,SWE,752,..,..,7.820000172,9.600000381,7.670000076,7.53000021,7.829999924,7.440000057,7.159999847,6.71999979,6.489999771,6.150000095
"Share of youth not in education, employment or training, total (% of youth population)",Switzerland,CHE,756,..,..,6.289999962,8.050000191,6.75,6.840000153,6.809999943,7.329999924,7.400000095,7.369999886,7.03000021,6.510000229
"Share of youth not in education, employment or training, total (% of youth population)",Syrian Arab Republic,SYR,760,..,..,..,..,..,..,..,..,..,..,..,..
"Share of youth not in education, employment or training, total (% of youth population)",Tajikistan,TJK,762,..,..,..,42.20040131,..,..,..,..,..,..,..,..
"Share of youth not in education, employment or training, total (% of youth population)",Tanzania,TZA,834,..,..,..,..,..,..,..,..,14.93200016,..,..,..
"Share of youth not in education, employment or training, total (% of youth population)",Thailand,THA,764,..,..,..,13.71000004,12.52000046,12.55000019,12.85000038,14.15299988,13.32429981,13.59109974,14.96580029,..
"Share of youth not in education, employment or training, total (% of youth population)",Timor-Leste,TLS,626,..,..,..,..,19.00200081,..,..,24.2635994,..,..,..,..
"Share of youth not in education, employment or training, total (% of youth population)",Togo,TGO,768,..,..,..,..,..,11.46249962,..,..,..,..,..,..
"Share of youth not in education, employment or training, total (% of youth population)",Tonga,TON,776,..,..,..,..,..,..,..,..,..,..,..,..
"Share of youth not in education, employment or training, total (% of youth population)",Trinidad and Tobago,TTO,780,..,..,..,..,..,..,..,52.04999924,..,..,..,..
"Share of youth not in education, employment or training, total (% of youth population)",Tunisia,TUN,788,..,..,..,..,25.21680069,..,..,..,..,..,..,..
"Share of youth not in education, employment or training, total (% of youth population)",Turkey,TUR,792,..,..,37.02000046,34.93999863,32.29000092,29.55999947,28.71999931,25.53000069,24.79000092,23.88999939,23.95000076,24.18000031
"Share of youth not in education, employment or training, total (% of youth population)",Turkmenistan,TKM,795,..,..,..,..,..,..,..,..,..,..,..,..
"Share of youth not in education, employment or training, total (% of youth population)",Turks and Caicos Islands,TCA,796,..,..,..,..,..,..,..,..,..,..,..,..
"Share of youth not in education, employment or training, total (% of youth population)",Tuvalu,TUV,798,..,..,..,..,..,..,..,..,..,..,..,..
"Share of youth not in education, employment or training, total (% of youth population)",Uganda,UGA,800,..,..,..,6.949999809,..,..,14.52690029,5.909999847,..,..,..,..
"Share of youth not in education, employment or training, total (% of youth population)",Ukraine,UKR,804,..,..,..,..,..,..,..,..,19.97999954,17.62999916,18.26000023,..
"Share of youth not in education, employment or training, total (% of youth population)",United Arab Emirates,ARE,784,..,..,..,..,..,..,..,..,..,..,..,11.30840015
"Share of youth not in education, employment or training, total (% of youth population)",United Kingdom,GBR,826,..,..,12.09000015,13.22000027,13.61999989,14.25,13.88000011,13.23999977,11.85999966,11.05000019,10.89999962,10.31999969
"Share of youth not in education, employment or training, total (% of youth population)",United States,USA,840,..,15.49909973,16.90200043,19.57519913,19.88489914,18.90800095,18.29490089,18.21990013,16.78790092,15.48680019,15.00119972,13.83790016
"Share of youth not in education, employment or training, total (% of youth population)",Uruguay,URY,858,..,..,18.78809929,17.8458004,18.12360001,17.16239929,17.73349953,18.0359993,18.15069962,18.73290062,18.6821003,17.86759949
"Share of youth not in education, employment or training, total (% of youth population)",Uzbekistan,UZB,860,..,..,..,..,..,..,..,..,..,..,..,..
"Share of youth not in education, employment or training, total (% of youth population)",Vanuatu,VUT,548,..,..,..,..,..,..,..,..,..,..,..,..
"Share of youth not in education, employment or training, total (% of youth population)","Venezuela, RB",VEN,862,..,..,..,18.45000076,19.19000053,..,..,..,..,..,..,..
"Share of youth not in education, employment or training, total (% of youth population)",Vietnam,VNM,704,..,..,..,..,..,..,9.438099861,9.987299919,9.726799965,0.600000024,0.600000024,..
"Share of youth not in education, employment or training, total (% of youth population)",Virgin Islands (U.S.),VIR,850,..,..,..,..,..,..,..,..,..,..,..,..
"Share of youth not in education, employment or training, total (% of youth population)",West Bank and Gaza,PSE,275,..,33.02539825,28.80800056,28.07839966,29.14909935,27.34280014,29.87140083,31.31850052,32.07369995,32.10779953,32.26190186,32.99750137
"Share of youth not in education, employment or training, total (% of youth population)","Yemen, Rep.",YEM,887,..,..,..,..,..,..,..,..,44.76839828,..,..,..
"Share of youth not in education, employment or training, total (% of youth population)",Zambia,ZMB,894,..,..,12.93999958,..,..,..,..,..,..,..,..,..
"Share of youth not in education, employment or training, total (% of youth population)",Zimbabwe,ZWE,716,..,..,..,..,..,17.23789978,..,..,..,..,..,..
"Share of youth not in education, employment or training, total (% of youth population)",Arab World,ARB,,..,..,..,..,..,..,..,..,..,..,..,..
"Share of youth not in education, employment or training, total (% of youth population)",Caribbean small states,CSS,,..,..,..,..,..,..,..,..,..,..,..,..
"Share of youth not in education, employment or training, total (% of youth population)",Central Europe and the Baltics,CEB,,..,..,10.26925542,12.05857007,13.03893938,13.43869166,13.64979685,13.99733871,13.47499238,12.94676551,12.31562902,11.11893704
"Share of youth not in education, employment or training, total (% of youth population)",Early-demographic dividend,EAR,,..,..,..,..,27.71092393,..,25.96160536,..,..,..,..,..
"Share of youth not in education, employment or training, total (% of youth population)",East Asia & Pacific,EAS,,..,..,..,..,..,..,..,..,..,..,..,..
"Share of youth not in education, employment or training, total (% of youth population)",East Asia & Pacific (excluding high income),EAP,,..,..,..,..,..,..,..,..,..,..,..,..
"Share of youth not in education, employment or training, total (% of youth population)",East Asia & Pacific (IDA & IBRD countries),TEA,,..,..,..,..,..,..,..,..,..,..,..,..
"Share of youth not in education, employment or training, total (% of youth population)",Euro area,EMU,,..,..,11.01087047,12.61456556,12.75413235,12.72476908,13.0553253,12.78790413,12.43075891,12.05125928,11.56945779,11.08189082
"Share of youth not in education, employment or training, total (% of youth population)",Europe & Central Asia,ECS,,..,..,15.01218876,15.89492727,15.50585824,15.59595129,15.50861854,14.57319193,14.63739767,14.10853195,13.81382803,13.29980141
"Share of youth not in education, employment or training, total (% of youth population)",Europe & Central Asia (excluding high income),ECA,,..,..,..,20.70521258,19.8423938,19.82814207,19.32144285,17.41181554,17.83446397,17.35775332,17.36086863,..
"Share of youth not in education, employment or training, total (% of youth population)",Europe & Central Asia (IDA & IBRD countries),TEC,,..,..,..,19.48349392,18.78496607,18.87988468,18.48218344,16.88119065,17.30522675,16.77975294,16.71831098,..
"Share of youth not in education, employment or training, total (% of youth population)",European Union,EUU,,..,..,10.87906745,12.4255145,12.73864962,12.92237448,13.1347663,12.94588936,12.41596708,11.93462177,11.47679581,10.84551342
"Share of youth not in education, employment or training, total (% of youth population)",Fragile and conflict affected situations,FCS,,..,..,..,..,..,..,..,..,..,..,..,..
"Share of youth not in education, employment or training, total (% of youth population)",Heavily indebted poor countries (HIPC),HPC,,..,..,..,..,..,..,..,..,..,..,..,..
"Share of youth not in education, employment or training, total (% of youth population)",High income,HIC,,..,..,13.54115716,14.58410323,14.37886063,15.34584995,14.05870121,14.03030786,13.3520816,12.45442153,11.68627538,11.61810066
"Share of youth not in education, employment or training, total (% of youth population)",IBRD only,IBD,,..,..,..,..,..,..,..,..,..,..,..,..
"Share of youth not in education, employment or training, total (% of youth population)",IDA & IBRD total,IBT,,..,..,..,..,..,..,..,..,..,..,..,..
"Share of youth not in education, employment or training, total (% of youth population)",IDA blend,IDB,,..,..,..,..,..,..,..,26.06905624,..,..,..,..
"Share of youth not in education, employment or training, total (% of youth population)",IDA only,IDX,,..,..,..,..,..,..,..,..,..,..,..,..
"Share of youth not in education, employment or training, total (% of youth population)",IDA total,IDA,,..,..,..,..,..,..,..,..,..,..,..,..
"Share of youth not in education, employment or training, total (% of youth population)",Late-demographic dividend,LTE,,..,..,..,..,..,..,..,..,..,..,..,..
"Share of youth not in education, employment or training, total (% of youth population)",Latin America & Caribbean,LCN,,..,..,19.19263626,20.16004045,..,20.17951964,19.74530777,20.18131511,19.92099582,21.26699525,21.54612439,21.14890916
"Share of youth not in education, employment or training, total (% of youth population)",Latin America & Caribbean (excluding high income),LAC,,..,..,19.1738208,20.08570298,..,20.6092997,20.13635066,20.50262404,20.20637688,21.41527827,21.59715205,21.36382225
"Share of youth not in education, employment or training, total (% of youth population)",Latin America & the Caribbean (IDA & IBRD countries),TLA,,..,..,19.19263626,20.16004045,..,20.17951964,19.74530777,20.18131511,19.92099582,21.26699525,21.54612439,21.14890916
"Share of youth not in education, employment or training, total (% of youth population)",Least developed countries: UN classification,LDC,,..,..,..,..,..,..,..,..,..,..,..,..
"Share of youth not in education, employment or training, total (% of youth population)",Low & middle income,LMY,,..,..,..,..,..,..,..,..,..,..,..,..
"Share of youth not in education, employment or training, total (% of youth population)",Low income,LIC,,..,..,..,..,..,..,..,..,..,..,..,..
"Share of youth not in education, employment or training, total (% of youth population)",Lower middle income,LMC,,..,..,..,..,27.93156851,..,25.77615588,..,..,..,..,..
"Share of youth not in education, employment or training, total (% of youth population)",Middle East & North Africa,MEA,,..,..,..,..,..,..,..,..,..,..,..,..
"Share of youth not in education, employment or training, total (% of youth population)",Middle East & North Africa (excluding high income),MNA,,..,..,..,..,..,..,..,..,..,..,..,..
"Share of youth not in education, employment or training, total (% of youth population)",Middle East & North Africa (IDA & IBRD countries),TMN,,..,..,..,..,..,..,..,..,..,..,..,..
"Share of youth not in education, employment or training, total (% of youth population)",Middle income,MIC,,..,..,..,..,..,..,..,..,..,..,..,..
"Share of youth not in education, employment or training, total (% of youth population)",North America,NAC,,..,15.34422693,16.4989178,19.06858074,19.32346284,18.39670258,17.8605584,17.76413264,16.51130264,15.32802671,14.85846424,13.71917959
"Share of youth not in education, employment or training, total (% of youth population)",Not classified,INX,,..,..,..,..,..,..,..,..,..,..,..,..
"Share of youth not in education, employment or training, total (% of youth population)",OECD members,OED,,..,..,16.5729706,16.85390239,16.6193206,17.2464618,15.87308608,15.44655978,14.80345537,14.23253263,13.85099218,13.31690416
"Share of youth not in education, employment or training, total (% of youth population)",Other small states,OSS,,..,..,..,..,..,..,..,..,..,..,..,..
"Share of youth not in education, employment or training, total (% of youth population)",Pacific island small states,PSS,,..,..,..,..,..,..,..,..,..,..,..,..
"Share of youth not in education, employment or training, total (% of youth population)",Post-demographic dividend,PST,,..,..,13.48479781,13.96212739,14.15177263,15.03195228,13.73546098,13.61488537,13.21568513,12.48094241,12.06791276,11.22134533
"Share of youth not in education, employment or training, total (% of youth population)",Pre-demographic dividend,PRE,,..,..,..,..,..,..,..,..,..,..,..,..
"Share of youth not in education, employment or training, total (% of youth population)",Small states,SST,,..,..,..,..,..,..,..,..,..,..,..,..
"Share of youth not in education, employment or training, total (% of youth population)",South Asia,SAS,,..,32.23500061,..,..,28.40035724,..,27.50289917,..,..,..,..,..
"Share of youth not in education, employment or training, total (% of youth population)",South Asia (IDA & IBRD),TSA,,..,32.23500061,..,..,28.40035724,..,27.50289917,..,..,..,..,..
"Share of youth not in education, employment or training, total (% of youth population)",Sub-Saharan Africa,SSF,,..,..,..,..,..,..,..,..,..,..,..,..
"Share of youth not in education, employment or training, total (% of youth population)",Sub-Saharan Africa (excluding high income),SSA,,..,..,..,..,..,..,..,..,..,..,..,..
"Share of youth not in education, employment or training, total (% of youth population)",Sub-Saharan Africa (IDA & IBRD countries),TSS,,..,..,..,..,..,..,..,..,..,..,..,..
"Share of youth not in education, employment or training, total (% of youth population)",Upper middle income,UMC,,..,..,..,..,..,..,..,..,..,..,..,..
"Share of youth not in education, employment or training, total (% of youth population)",World,WLD,,..,..,..,..,..,..,..,..,..,..,..,..